xval,yval,time
0,0,14:12:42
0,-237.16,14:12:44
-86.24,-366.52,14:12:44
-107.8,-560.56,14:12:44
0,-668.36,14:12:45
194.04,-689.92,14:12:45
366.52,-733.04,14:12:46
582.12,-733.04,14:12:46
646.8,-840.84,14:12:48
431.2,-840.84,14:12:48
388.08,-840.84,14:12:51
603.68,-840.84,14:12:51
711.48,-948.64,14:12:52
711.48,-1164.24,14:12:53
711.48,-1379.84,14:12:54
905.52,-1401.4,14:12:54
1121.12,-1401.4,14:12:55
1272.04,-1466.08,14:12:55
1444.52,-1509.2,14:12:55
1638.56,-1530.76,14:12:56
1854.16,-1530.76,14:12:56
2069.76,-1530.76,14:12:57
2285.36,-1530.76,14:12:58
2500.96,-1530.76,14:12:58
2716.56,-1530.76,14:12:59
2867.48,-1466.08,14:12:59
3083.08,-1466.08,14:12:59
3212.44,-1379.84,14:13:00
3428.04,-1379.84,14:13:00
3643.64,-1379.84,14:13:00
3816.12,-1336.72,14:13:01
4010.16,-1315.16,14:13:01
4225.76,-1315.16,14:13:01
4441.36,-1315.16,14:13:02
4549.16,-1422.96,14:13:06
4419.8,-1509.2,14:13:06
4312,-1617,14:13:06
4204.2,-1724.8,14:13:06
4074.84,-1811.04,14:13:07
3945.48,-1897.28,14:13:07
3729.88,-1897.28,14:13:07
3557.4,-1897.28,14:13:11
3708.32,-1832.6,14:13:11
3816.12,-1724.8,14:13:11
3923.92,-1617,14:13:11
4031.72,-1509.2,14:13:11
4161.08,-1422.96,14:13:12
4312,-1358.28,14:13:12
4462.92,-1293.6,14:13:12
4570.72,-1185.8,14:13:12
4743.2,-1142.68,14:13:13
4958.8,-1142.68,14:13:13
5109.72,-1078,14:13:13
5325.32,-1078,14:13:13
5540.92,-1078,14:13:14
5756.52,-1078,14:13:15
5972.12,-1078,14:13:15
6187.72,-1078,14:13:16
6403.32,-1078,14:13:16
6618.92,-1078,14:13:17
6769.84,-1013.32,14:13:17
6963.88,-991.76,14:13:17
7071.68,-883.96,14:13:18
7287.28,-883.96,14:13:18
7395.08,-776.16,14:13:18
7524.44,-689.92,14:13:19
7696.92,-646.8,14:13:19
7890.96,-625.24,14:13:19
7998.76,-517.44,14:13:20
8149.68,-452.76,14:13:20
8279.04,-366.52,14:13:20
8429.96,-301.84,14:13:21
8559.32,-215.6,14:13:21
8667.12,-107.8,14:13:21
8774.92,0,14:13:22
8882.72,107.8,14:13:22
8968.96,237.16,14:13:22
9076.76,344.96,14:13:22
9227.68,409.64,14:13:22
9335.48,517.44,14:13:23
9443.28,625.24,14:13:23
9551.08,733.04,14:13:23
9723.56,776.16,14:13:23
9831.36,883.96,14:13:24
9939.16,991.76,14:13:24
10046.96,1099.56,14:13:24
10154.76,1207.36,14:13:24
10262.56,1315.16,14:13:24
10370.36,1422.96,14:13:25
10499.72,1509.2,14:13:25
10607.52,1617,14:13:25
10715.32,1724.8,14:13:25
10823.12,1832.6,14:13:26
10930.92,1940.4,14:13:26
11038.72,2048.2,14:13:26
11146.52,2156,14:13:26
11254.32,2263.8,14:13:26
11362.12,2371.6,14:13:27
11469.92,2479.4,14:13:27
11577.72,2587.2,14:13:27
11685.52,2695,14:13:27
11793.32,2802.8,14:13:28
11901.12,2910.6,14:13:28
12008.92,3018.4,14:13:28
12116.72,3126.2,14:13:28
12224.52,3234,14:13:28
12332.32,3341.8,14:13:29
12440.12,3449.6,14:13:29
12547.92,3557.4,14:13:29
12655.72,3665.2,14:13:29
12763.52,3773,14:13:29
12871.32,3880.8,14:13:30
12979.12,3988.6,14:13:30
13086.92,4096.4,14:13:30
13194.72,4204.2,14:13:30
13302.52,4312,14:13:31
13410.32,4419.8,14:13:31
13518.12,4527.6,14:13:31
13625.92,4635.4,14:13:31
13733.72,4743.2,14:13:31
13841.52,4851,14:13:31
13949.32,4958.8,14:13:32
14057.12,5066.6,14:13:32
14164.92,5174.4,14:13:32
14272.72,5282.2,14:13:32
14380.52,5390,14:13:32
14488.32,5497.8,14:13:33
14596.12,5605.6,14:13:33
14703.92,5713.4,14:13:33
14811.72,5821.2,14:13:33
14919.52,5929,14:13:33
15027.32,6036.8,14:13:34
15135.12,6144.6,14:13:34
15242.92,6252.4,14:13:34
15350.72,6360.2,14:13:34
15458.52,6468,14:13:34
15566.32,6575.8,14:13:34
15674.12,6683.6,14:13:35
15781.92,6791.4,14:13:35
15889.72,6899.2,14:13:35
15997.52,7007,14:13:35
16105.32,7114.8,14:13:35
16213.12,7222.6,14:13:36
16320.92,7330.4,14:13:36
16428.72,7438.2,14:13:36
16536.52,7546,14:13:36
16622.76,7675.36,14:13:36
16644.32,7869.4,14:13:37
16730.56,7998.76,14:13:37
16730.56,8214.36,14:13:37
16838.36,8322.16,14:13:37
16838.36,8537.76,14:13:38
16838.36,8753.36,14:13:38
16795.24,8925.84,14:13:39
16601.2,8947.4,14:13:39
16493.4,9055.2,14:13:39
16385.6,9163,14:13:40
16277.8,9270.8,14:13:40
16105.32,9313.92,14:13:40
15997.52,9421.72,14:13:40
15868.16,9507.96,14:13:40
15846.6,9702,14:13:41
15846.6,9917.6,14:13:42
15717.24,10003.84,14:13:42
15717.24,10219.44,14:13:42
15717.24,10435.04,14:13:43
15717.24,10650.64,14:13:44
15932.84,10650.64,14:13:44
16083.76,10715.32,14:13:44
16191.56,10823.12,14:13:44
16299.36,10930.92,14:13:44
16407.16,11038.72,14:13:44
16514.96,11146.52,14:13:45
16622.76,11254.32,14:13:45
16730.56,11362.12,14:13:45
16730.56,11577.72,14:13:45
16795.24,11728.64,14:13:45
16881.48,11858,14:13:46
16924.6,12030.48,14:13:46
17010.84,12159.84,14:13:47
17097.08,12289.2,14:13:47
17161.76,12440.12,14:13:47
17291.12,12526.36,14:13:47
17377.36,12655.72,14:13:48
17485.16,12763.52,14:13:48
17549.84,12914.44,14:13:48
17549.84,13130.04,14:13:49
17549.84,13345.64,14:13:49
17549.84,13561.24,14:13:50
17549.84,13776.84,14:13:50
17549.84,13776.84,14:13:56
17442.04,13669.04,14:13:56
17269.56,13625.92,14:13:56
17161.76,13518.12,14:13:57
17053.96,13410.32,14:13:57
16946.16,13302.52,14:13:57
16773.68,13259.4,14:13:57
16665.88,13151.6,14:13:57
16558.08,13043.8,14:13:57
16514.96,12871.32,14:13:58
16385.6,12785.08,14:13:58
16364.04,12849.76,14:13:59
16536.52,12892.88,14:14:02
16752.12,12892.88,14:14:02
16967.72,12892.88,14:14:03
17075.52,12785.08,14:14:03
17140.2,12634.16,14:14:04
17248,12526.36,14:14:04
17312.68,12375.44,14:14:04
17420.48,12267.64,14:14:04
17549.84,12181.4,14:14:04
17592.96,12008.92,14:14:05
17722.32,11922.68,14:14:05
17765.44,11750.2,14:14:05
17851.68,11620.84,14:14:06
17894.8,11448.36,14:14:06
17981.04,11319,14:14:06
18067.28,11189.64,14:14:06
18153.52,11060.28,14:14:07
18261.32,10952.48,14:14:07
18369.12,10844.68,14:14:07
18476.92,10736.88,14:14:07
18584.72,10629.08,14:14:07
18692.52,10521.28,14:14:07
18800.32,10413.48,14:14:08
18908.12,10305.68,14:14:08
18951.24,10133.2,14:14:08
18951.24,9917.6,14:14:08
18951.24,9702,14:14:09
19080.6,9615.76,14:14:09
19188.4,9507.96,14:14:09
19296.2,9400.16,14:14:09
19404,9292.36,14:14:10
19511.8,9184.56,14:14:10
19619.6,9076.76,14:14:10
19727.4,8968.96,14:14:10
19835.2,8861.16,14:14:10
19943,8753.36,14:14:10
20050.8,8645.56,14:14:11
20158.6,8537.76,14:14:11
20266.4,8429.96,14:14:11
20374.2,8322.16,14:14:11
20482,8214.36,14:14:11
20676.04,8192.8,14:14:12
20783.84,8085,14:14:12
20999.44,8085,14:14:12
21107.24,7977.2,14:14:12
21322.84,7977.2,14:14:13
21516.88,7955.64,14:14:13
21689.36,7912.52,14:14:13
21904.96,7912.52,14:14:13
22120.56,7912.52,14:14:14
22336.16,7912.52,14:14:14
22551.76,7912.52,14:14:15
22767.36,7912.52,14:14:15
22896.72,7998.76,14:14:16
22982.96,8128.12,14:14:16
23198.56,8128.12,14:14:16
23306.36,8235.92,14:14:16
23500.4,8257.48,14:14:17
23608.2,8365.28,14:14:17
23780.68,8408.4,14:14:17
23888.48,8516.2,14:14:17
23996.28,8624,14:14:17
24168.76,8667.12,14:14:18
24276.56,8774.92,14:14:18
24384.36,8882.72,14:14:18
24492.16,8990.52,14:14:18
24599.96,9098.32,14:14:18
24707.76,9206.12,14:14:18
24815.56,9313.92,14:14:19
24923.36,9421.72,14:14:19
25031.16,9529.52,14:14:19
25138.96,9637.32,14:14:19
25246.76,9745.12,14:14:19
25354.56,9852.92,14:14:19
25462.36,9960.72,14:14:20
25570.16,10068.52,14:14:20
25677.96,10176.32,14:14:20
25785.76,10284.12,14:14:20
25893.56,10391.92,14:14:20
26087.6,10413.48,14:14:21
26303.2,10413.48,14:14:21
26367.88,10564.4,14:14:24
26389.44,10758.44,14:14:24
26389.44,10974.04,14:14:25
26346.32,11146.52,14:14:26
26152.28,11168.08,14:14:26
26044.48,11275.88,14:14:26
25828.88,11275.88,14:14:27
25721.08,11383.68,14:14:27
25656.4,11534.6,14:14:28
25634.84,11728.64,14:14:28
25634.84,11944.24,14:14:29
25548.6,12073.6,14:14:29
25483.92,12224.52,14:14:30
25462.36,12418.56,14:14:30
25354.56,12526.36,14:14:30
25268.32,12655.72,14:14:31
25160.52,12763.52,14:14:31
24988.04,12806.64,14:14:32
24880.24,12914.44,14:14:32
24772.44,13022.24,14:14:33
24621.52,13086.92,14:14:33
24535.28,13216.28,14:14:34
24513.72,13410.32,14:14:34
24449.04,13561.24,14:14:34
24449.04,13776.84,14:14:35
24449.04,13992.44,14:14:36
24449.04,14208.04,14:14:36
24449.04,14423.64,14:14:37
24556.84,14531.44,14:14:37
24664.64,14639.24,14:14:37
24772.44,14747.04,14:14:38
24880.24,14854.84,14:14:38
24988.04,14962.64,14:14:38
25095.84,15070.44,14:14:38
25203.64,15178.24,14:14:38
25311.44,15286.04,14:14:39
25311.44,15501.64,14:14:39
25311.44,15717.24,14:14:40
25311.44,15932.84,14:14:40
25311.44,16148.44,14:14:40
25311.44,16364.04,14:14:41
25311.44,16579.64,14:14:41
25246.76,16730.56,14:14:42
25138.96,16838.36,14:14:42
25031.16,16946.16,14:14:42
24923.36,17053.96,14:14:42
24815.56,17161.76,14:14:43
24707.76,17269.56,14:14:43
24599.96,17377.36,14:14:43
24492.16,17485.16,14:14:43
24384.36,17592.96,14:14:44
24276.56,17700.76,14:14:44
24168.76,17808.56,14:14:44
24060.96,17916.36,14:14:44
23953.16,18024.16,14:14:45
23802.24,18088.84,14:14:45
23608.2,18110.4,14:14:45
23478.84,18196.64,14:14:46
23263.24,18196.64,14:14:46
23047.64,18196.64,14:14:47
22832.04,18196.64,14:14:47
22616.44,18196.64,14:14:48
22530.2,18067.28,14:14:49
22336.16,18045.72,14:14:49
22228.36,17937.92,14:14:49
22120.56,17830.12,14:14:50
22012.76,17722.32,14:14:50
21904.96,17614.52,14:14:50
21797.16,17506.72,14:14:50
21689.36,17398.92,14:14:51
21581.56,17291.12,14:14:51
21495.32,17161.76,14:14:51
21516.88,16967.72,14:14:52
21624.68,16859.92,14:14:52
21667.8,16687.44,14:14:53
21797.16,16601.2,14:14:54
21904.96,16493.4,14:14:54
22012.76,16385.6,14:14:55
22142.12,16299.36,14:14:55
22293.04,16234.68,14:14:56
22465.52,16191.56,14:14:57
22659.56,16213.12,14:14:58
22810.48,16277.8,14:14:59
22939.84,16364.04,14:15:00
23090.76,16428.72,14:15:01
23198.56,16536.52,14:15:01
23306.36,16644.32,14:15:01
23414.16,16752.12,14:15:02
23521.96,16859.92,14:15:02
23565.08,17032.4,14:15:03
23651.32,17161.76,14:15:03
23651.32,17377.36,14:15:04
23651.32,17592.96,14:15:05
23500.4,17657.64,14:15:06
23371.04,17743.88,14:15:06
23155.44,17743.88,14:15:13
23047.64,17636.08,14:15:14
22896.72,17571.4,14:15:14
22788.92,17463.6,14:15:15
22659.56,17377.36,14:15:15
22551.76,17269.56,14:15:16
22443.96,17161.76,14:15:16
22443.96,16946.16,14:15:17
22336.16,16838.36,14:15:18
22271.48,16687.44,14:15:18
22249.92,16493.4,14:15:19
22422.4,16450.28,14:15:20
22551.76,16536.52,14:15:23
22638,16665.88,14:15:24
22788.92,16730.56,14:15:24
22896.72,16838.36,14:15:24
22961.4,16989.28,14:15:25
22961.4,17204.88,14:15:26
22939.84,17398.92,14:15:27
22767.36,17398.92,14:15:29
22982.96,17398.92,14:15:30
23112.32,17312.68,14:15:30
23112.32,17097.08,14:15:31
23198.56,16967.72,14:15:32
23198.56,16752.12,14:15:33
23047.64,16687.44,14:15:35
22832.04,16687.44,14:15:36
22767.36,16536.52,14:15:36
22616.44,16471.84,14:15:36
22551.76,16320.92,14:15:37
22443.96,16213.12,14:15:38
22573.32,16299.36,14:15:41
22681.12,16407.16,14:15:41
22724.24,16579.64,14:15:42
22724.24,16795.24,14:15:43
22724.24,17010.84,14:15:44
22724.24,17226.44,14:15:44
22724.24,17442.04,14:15:45
22788.92,17592.96,14:15:46
22853.6,17743.88,14:15:46
22918.28,17894.8,14:15:47
22961.4,18067.28,14:15:48
22961.4,18282.88,14:15:49
22918.28,18455.36,14:15:50
22724.24,18433.8,14:15:52
22551.76,18390.68,14:15:54
22379.28,18347.56,14:15:56
22206.8,18304.44,14:15:57
22099,18196.64,14:15:58
22077.44,18002.6,14:16:00
22249.92,17959.48,14:16:01
22465.52,17959.48,14:16:01
22594.88,18045.72,14:16:03
22745.8,18110.4,14:16:03
22875.16,18196.64,14:16:04
22875.16,18412.24,14:16:05
22767.36,18520.04,14:16:06
22659.56,18627.84,14:16:06
22551.76,18735.64,14:16:06
22443.96,18843.44,14:16:07
22336.16,18951.24,14:16:07
22228.36,19059.04,14:16:08
22077.44,19123.72,14:16:08
21969.64,19231.52,14:16:08
21818.72,19296.2,14:16:09
21710.92,19404,14:16:10
21646.24,19554.92,14:16:11
21624.68,19748.96,14:16:12
21710.92,19792.08,14:16:15
21818.72,19684.28,14:16:16
21991.2,19641.16,14:16:16
22099,19533.36,14:16:17
22206.8,19425.56,14:16:18
22206.8,19209.96,14:16:19
22206.8,18994.36,14:16:20
22206.8,18778.76,14:16:21
22206.8,18563.16,14:16:22
22206.8,18347.56,14:16:23
22357.72,18282.88,14:16:24
22379.28,18088.84,14:16:24
22379.28,17873.24,14:16:25
22465.52,17743.88,14:16:26
22465.52,17528.28,14:16:27
22465.52,17312.68,14:16:28
22465.52,17097.08,14:16:29
22508.64,16924.6,14:16:29
22616.44,16816.8,14:16:30
22724.24,16709,14:16:30
22832.04,16601.2,14:16:30
22832.04,16385.6,14:16:31
22832.04,16170,14:16:31
22832.04,15954.4,14:16:32
22788.92,15781.92,14:16:32
22681.12,15674.12,14:16:33
22573.32,15566.32,14:16:33
22465.52,15458.52,14:16:33
22357.72,15350.72,14:16:33
22249.92,15242.92,14:16:33
22142.12,15135.12,14:16:34
22034.32,15027.32,14:16:34
21926.52,14919.52,14:16:34
21818.72,14811.72,14:16:34
21710.92,14703.92,14:16:35
21603.12,14596.12,14:16:35
21495.32,14488.32,14:16:35
21387.52,14380.52,14:16:35
21279.72,14272.72,14:16:36
21171.92,14164.92,14:16:36
21064.12,14057.12,14:16:36
20956.32,13949.32,14:16:36
20848.52,13841.52,14:16:37
20740.72,13733.72,14:16:37
20632.92,13625.92,14:16:37
20525.12,13518.12,14:16:37
20417.32,13410.32,14:16:38
20309.52,13302.52,14:16:38
20201.72,13194.72,14:16:38
20093.92,13086.92,14:16:38
20007.68,12957.56,14:16:39
20007.68,12741.96,14:16:39
20007.68,12526.36,14:16:40
20029.24,12332.32,14:16:40
20093.92,12181.4,14:16:40
20093.92,11965.8,14:16:41
20093.92,11750.2,14:16:42
20007.68,11620.84,14:16:42
19899.88,11513.04,14:16:43
19856.76,11340.56,14:16:43
19856.76,11124.96,14:16:44
19792.08,10974.04,14:16:44
19792.08,10758.44,14:16:45
19705.84,10629.08,14:16:46
19705.84,10413.48,14:16:47
19705.84,10197.88,14:16:48
19921.44,10197.88,14:16:48
20072.36,10133.2,14:16:49
20223.28,10197.88,14:16:53
20374.2,10262.56,14:16:54
20525.12,10327.24,14:16:54
20654.48,10413.48,14:16:54
20783.84,10499.72,14:16:55
20891.64,10607.52,14:16:55
20999.44,10715.32,14:16:56
21107.24,10823.12,14:16:56
21215.04,10930.92,14:16:56
21322.84,11038.72,14:16:57
21430.64,11146.52,14:16:57
21538.44,11254.32,14:16:58
21646.24,11362.12,14:16:58
21754.04,11469.92,14:16:58
21861.84,11577.72,14:16:59
21969.64,11685.52,14:16:59
22077.44,11793.32,14:16:59
22185.24,11901.12,14:17:00
22206.8,12095.16,14:17:00
22293.04,12224.52,14:17:01
22293.04,12440.12,14:17:01
22293.04,12655.72,14:17:02
22293.04,12871.32,14:17:02
22185.24,12979.12,14:17:03
22055.88,13065.36,14:17:03
21948.08,13173.16,14:17:03
21840.28,13280.96,14:17:04
21732.48,13388.76,14:17:04
21603.12,13475,14:17:05
21387.52,13475,14:17:06
21581.56,13453.44,14:17:09
21646.24,13302.52,14:17:12
21689.36,13302.52,14:17:15
21581.56,13410.32,14:17:15
21473.76,13518.12,14:17:16
21365.96,13625.92,14:17:16
21258.16,13733.72,14:17:17
21150.36,13841.52,14:17:17
21042.56,13949.32,14:17:18
20956.32,14078.68,14:17:18
20870.08,14208.04,14:17:19
20719.16,14272.72,14:17:19
20611.36,14380.52,14:17:20
20438.88,14423.64,14:17:20
20331.08,14531.44,14:17:21
20201.72,14617.68,14:17:22
20029.24,14660.8,14:17:23
19835.2,14682.36,14:17:24
19619.6,14682.36,14:17:25
19447.12,14639.24,14:17:26
19317.76,14553,14:17:27
19209.96,14445.2,14:17:27
19102.16,14337.4,14:17:28
18994.36,14229.6,14:17:28
18886.56,14121.8,14:17:29
18778.76,14014,14:17:29
18670.96,13906.2,14:17:29
18541.6,13819.96,14:17:30
18649.4,13884.64,14:17:36
18778.76,13798.4,14:17:37
18649.4,13841.52,14:17:38
18520.04,13927.76,14:17:42
18670.96,13992.44,14:17:43
18778.76,14100.24,14:17:43
18865,14229.6,14:17:43
18865,14445.2,14:17:46
18972.8,14553,14:17:47
18994.36,14747.04,14:17:48
19015.92,14639.24,14:17:50
18843.44,14596.12,14:17:51
18735.64,14488.32,14:17:51
18584.72,14423.64,14:17:52
18498.48,14294.28,14:17:53
18498.48,14078.68,14:17:54
18606.28,13970.88,14:17:54
18714.08,13863.08,14:17:54
18821.88,13755.28,14:17:55
18908.12,13712.16,14:17:56
19102.16,13733.72,14:18:00
19209.96,13841.52,14:18:00
19166.84,13927.76,14:18:03
19037.48,13841.52,14:18:04
18994.36,13669.04,14:18:04
18865,13582.8,14:18:05
18735.64,13496.56,14:18:05
18692.52,13324.08,14:18:06
18821.88,13237.84,14:18:07
18929.68,13130.04,14:18:07
19037.48,13022.24,14:18:07
19145.28,12914.44,14:18:07
19253.08,12806.64,14:18:08
19360.88,12698.84,14:18:08
19447.12,12569.48,14:18:08
19447.12,12353.88,14:18:09
19511.8,12202.96,14:18:10
19554.92,12116.72,14:18:15
19404,12181.4,14:18:15
19296.2,12289.2,14:18:16
19102.16,12310.76,14:18:16
18994.36,12418.56,14:18:16
18886.56,12526.36,14:18:17
18778.76,12634.16,14:18:17
18670.96,12741.96,14:18:17
18563.16,12849.76,14:18:17
18455.36,12957.56,14:18:18
18347.56,13065.36,14:18:18
18239.76,13173.16,14:18:18
18131.96,13280.96,14:18:18
18024.16,13388.76,14:18:19
17916.36,13496.56,14:18:19
17808.56,13604.36,14:18:19
17700.76,13712.16,14:18:19
17592.96,13819.96,14:18:19
17485.16,13927.76,14:18:19
17377.36,14035.56,14:18:20
17269.56,14143.36,14:18:20
17161.76,14251.16,14:18:20
17053.96,14358.96,14:18:20
16946.16,14466.76,14:18:20
16838.36,14574.56,14:18:21
16730.56,14682.36,14:18:21
16622.76,14790.16,14:18:21
16514.96,14897.96,14:18:21
16407.16,15005.76,14:18:21
16299.36,15113.56,14:18:21
16213.12,15242.92,14:18:21
16191.56,15436.96,14:18:22
16126.88,15587.88,14:18:22
16105.32,15781.92,14:18:22
16083.76,15975.96,14:18:23
16083.76,16191.56,14:18:23
16083.76,16407.16,14:18:23
16083.76,16622.76,14:18:23
16083.76,16838.36,14:18:24
16083.76,17053.96,14:18:24
16040.64,17226.44,14:18:25
15997.52,17398.92,14:18:25
15954.4,17571.4,14:18:26
15825.04,17657.64,14:18:26
15781.92,17830.12,14:18:26
15738.8,18002.6,14:18:26
15674.12,18153.52,14:18:27
15674.12,18369.12,14:18:27
15674.12,18584.72,14:18:27
15544.76,18670.96,14:18:28
15501.64,18843.44,14:18:28
15350.72,18908.12,14:18:28
15329.16,19102.16,14:18:29
15329.16,19317.76,14:18:29
15264.48,19468.68,14:18:29
15264.48,19684.28,14:18:30
15221.36,19856.76,14:18:30
15178.24,20029.24,14:18:30
15113.56,20180.16,14:18:31
15005.76,20287.96,14:18:31
14962.64,20460.44,14:18:31
14876.4,20589.8,14:18:31
14811.72,20740.72,14:18:32
14725.48,20870.08,14:18:32
14617.68,20977.88,14:18:32
14553,21128.8,14:18:32
14466.76,21258.16,14:18:32
14380.52,21387.52,14:18:33
14358.96,21581.56,14:18:33
14294.28,21732.48,14:18:33
14251.16,21904.96,14:18:33
14251.16,22120.56,14:18:34
14143.36,22228.36,14:18:34
14035.56,22336.16,14:18:34
14035.56,22551.76,14:18:34
14035.56,22767.36,14:18:35
13884.64,22832.04,14:18:35
13776.84,22939.84,14:18:35
13733.72,23112.32,14:18:35
13669.04,23263.24,14:18:36
13647.48,23457.28,14:18:36
13582.8,23608.2,14:18:36
13582.8,23823.8,14:18:37
13561.24,24017.84,14:18:37
13431.88,24104.08,14:18:37
13410.32,24298.12,14:18:38
13302.52,24405.92,14:18:38
13216.28,24535.28,14:18:38
13130.04,24664.64,14:18:39
13043.8,24794,14:18:39
12849.76,24815.56,14:18:39
12828.2,25009.6,14:18:39
12634.16,25031.16,14:18:40
12591.04,25203.64,14:18:40
12461.68,25289.88,14:18:40
12332.32,25376.12,14:18:41
12159.84,25419.24,14:18:41
11944.24,25419.24,14:18:42
11728.64,25419.24,14:18:43
11556.16,25376.12,14:18:43
11469.92,25246.76,14:18:43
11275.88,25225.2,14:18:44
11168.08,25117.4,14:18:44
11060.28,25009.6,14:18:44
10952.48,24901.8,14:18:44
10823.12,24815.56,14:18:44
10715.32,24707.76,14:18:44
10607.52,24599.96,14:18:45
10456.6,24535.28,14:18:45
10348.8,24427.48,14:18:45
10241,24319.68,14:18:45
10133.2,24211.88,14:18:45
10025.4,24104.08,14:18:45
9917.6,23996.28,14:18:46
9809.8,23888.48,14:18:46
9702,23780.68,14:18:46
9594.2,23672.88,14:18:46
9486.4,23565.08,14:18:46
9378.6,23457.28,14:18:46
9357.04,23263.24,14:18:47
9357.04,23047.64,14:18:47
9357.04,22832.04,14:18:47
9357.04,22616.44,14:18:48
9378.6,22422.4,14:18:48
9551.08,22379.28,14:18:49
9658.88,22271.48,14:18:49
9766.68,22163.68,14:18:49
9874.48,22055.88,14:18:49
9982.28,21948.08,14:18:49
10090.08,21840.28,14:18:49
10197.88,21732.48,14:18:50
10305.68,21624.68,14:18:50
10413.48,21516.88,14:18:50
10521.28,21409.08,14:18:50
10650.64,21322.84,14:18:50
10801.56,21258.16,14:18:50
10909.36,21150.36,14:18:51
11017.16,21042.56,14:18:51
11124.96,20934.76,14:18:51
11232.76,20826.96,14:18:51
11340.56,20719.16,14:18:51
11556.16,20719.16,14:18:51
11663.96,20611.36,14:18:52
11771.76,20503.56,14:18:52
11944.24,20460.44,14:18:52
12095.16,20395.76,14:18:52
12246.08,20331.08,14:18:53
12375.44,20244.84,14:18:53
12526.36,20180.16,14:18:53
12677.28,20115.48,14:18:53
12892.88,20115.48,14:18:53
13108.48,20115.48,14:18:54
13324.08,20115.48,14:18:54
13539.68,20115.48,14:18:54
13755.28,20115.48,14:18:55
13970.88,20115.48,14:18:55
14186.48,20115.48,14:18:56
14402.08,20115.48,14:18:56
14596.12,20137.04,14:18:57
14660.8,20287.96,14:18:57
14876.4,20287.96,14:18:57
15092,20287.96,14:18:57
15199.8,20395.76,14:18:58
15372.28,20438.88,14:18:58
15523.2,20503.56,14:18:58
15631,20611.36,14:18:58
15803.48,20654.48,14:18:58
15911.28,20762.28,14:18:59
16019.08,20870.08,14:18:59
16126.88,20977.88,14:18:59
16234.68,21085.68,14:18:59
16342.48,21193.48,14:18:59
16450.28,21301.28,14:18:59
16601.2,21365.96,14:19:00
16773.68,21322.84,14:19:01
16687.44,21193.48,14:19:02
16558.08,21107.24,14:19:02
16450.28,20999.44,14:19:03
16407.16,20826.96,14:19:03
16320.92,20697.6,14:19:03
16191.56,20783.84,14:19:05
15975.96,20783.84,14:19:08
15760.36,20783.84,14:19:08
15631,20870.08,14:19:09
15480.08,20934.76,14:19:09
15372.28,21042.56,14:19:10
15264.48,21150.36,14:19:10
15048.88,21150.36,14:19:10
14919.52,21236.6,14:19:11
14725.48,21258.16,14:19:11
14531.44,21279.72,14:19:12
14466.76,21430.64,14:19:12
14251.16,21430.64,14:19:12
14035.56,21430.64,14:19:13
13819.96,21430.64,14:19:13
13669.04,21495.32,14:19:14
13453.44,21495.32,14:19:14
13237.84,21495.32,14:19:15
13022.24,21495.32,14:19:16
12849.76,21452.2,14:19:17
12741.96,21344.4,14:19:17
12634.16,21236.6,14:19:17
12526.36,21128.8,14:19:17
12418.56,21021,14:19:18
12310.76,20913.2,14:19:18
12159.84,20848.52,14:19:18
12073.6,20762.28,14:19:20
12202.96,20848.52,14:19:21
12418.56,20848.52,14:19:21
12569.48,20783.84,14:19:22
12698.84,20697.6,14:19:24
12483.24,20697.6,14:19:27
12332.32,20632.92,14:19:27
12332.32,20417.32,14:19:28
12332.32,20201.72,14:19:28
12483.24,20137.04,14:19:29
12591.04,20029.24,14:19:29
12698.84,19921.44,14:19:29
12806.64,19813.64,14:19:29
12914.44,19705.84,14:19:30
13022.24,19598.04,14:19:30
13130.04,19490.24,14:19:30
13237.84,19382.44,14:19:30
13345.64,19274.64,14:19:31
13453.44,19166.84,14:19:31
13561.24,19059.04,14:19:31
13669.04,18951.24,14:19:31
13776.84,18843.44,14:19:32
13884.64,18735.64,14:19:32
13992.44,18627.84,14:19:32
14078.68,18498.48,14:19:33
14100.24,18304.44,14:19:33
14164.92,18239.76,14:19:36
14186.48,18433.8,14:19:37
14272.72,18563.16,14:19:38
14272.72,18778.76,14:19:39
14315.84,18951.24,14:19:39
14423.64,19059.04,14:19:40
14531.44,19166.84,14:19:40
14682.36,19231.52,14:19:40
14790.16,19339.32,14:19:41
15005.76,19339.32,14:19:42
15221.36,19339.32,14:19:42
15436.96,19339.32,14:19:42
15652.56,19339.32,14:19:43
15868.16,19339.32,14:19:43
16083.76,19339.32,14:19:44
16299.36,19339.32,14:19:44
16514.96,19339.32,14:19:45
16730.56,19339.32,14:19:45
16946.16,19339.32,14:19:46
17161.76,19339.32,14:19:46
17377.36,19339.32,14:19:47
17592.96,19339.32,14:19:47
17808.56,19339.32,14:19:48
18024.16,19339.32,14:19:48
18239.76,19339.32,14:19:49
18455.36,19339.32,14:19:50
18455.36,19339.32,14:19:51
18239.76,19339.32,14:19:52
18196.64,19166.84,14:19:53
18045.72,19102.16,14:19:53
17937.92,18994.36,14:19:54
17981.04,19166.84,14:19:55
18196.64,19166.84,14:19:56
18024.16,19166.84,14:19:57
17808.56,19166.84,14:19:57
17592.96,19166.84,14:19:58
17485.16,19274.64,14:19:58
17334.24,19339.32,14:19:59
17248,19468.68,14:19:59
17118.64,19554.92,14:19:59
16989.28,19641.16,14:20:00
16881.48,19748.96,14:20:00
16773.68,19856.76,14:20:00
16665.88,19964.56,14:20:00
16514.96,20029.24,14:20:00
16385.6,20115.48,14:20:01
16256.24,20201.72,14:20:01
16126.88,20287.96,14:20:01
16019.08,20395.76,14:20:01
15911.28,20503.56,14:20:01
15738.8,20546.68,14:20:02
15631,20654.48,14:20:02
15523.2,20762.28,14:20:02
15458.52,20913.2,14:20:02
15350.72,21021,14:20:02
15242.92,21128.8,14:20:03
15135.12,21236.6,14:20:03
15027.32,21344.4,14:20:03
14919.52,21452.2,14:20:03
14811.72,21560,14:20:03
14703.92,21667.8,14:20:04
14596.12,21775.6,14:20:04
14488.32,21883.4,14:20:04
14380.52,21991.2,14:20:04
14272.72,22099,14:20:04
14164.92,22206.8,14:20:05
14078.68,22336.16,14:20:05
13884.64,22357.72,14:20:06
13798.4,22487.08,14:20:06
13604.36,22508.64,14:20:07
13475,22594.88,14:20:07
13259.4,22594.88,14:20:08
13043.8,22594.88,14:20:08
12914.44,22681.12,14:20:09
12741.96,22724.24,14:20:09
12591.04,22788.92,14:20:09
12440.12,22853.6,14:20:10
12224.52,22853.6,14:20:10
12008.92,22853.6,14:20:11
11858,22918.28,14:20:11
11707.08,22982.96,14:20:12
11491.48,22982.96,14:20:12
11275.88,22982.96,14:20:13
11060.28,22982.96,14:20:14
10866.24,23004.52,14:20:15
10736.88,23090.76,14:20:15
10629.08,23198.56,14:20:16
10499.72,23198.56,14:20:18
10693.76,23220.12,14:20:19
10758.44,23371.04,14:20:20
10823.12,23521.96,14:20:21
10930.92,23629.76,14:20:21
11060.28,23716,14:20:22
11211.2,23780.68,14:20:23
11405.24,23802.24,14:20:23
11556.16,23866.92,14:20:24
11771.76,23866.92,14:20:25
11987.36,23866.92,14:20:26
12202.96,23866.92,14:20:26
12353.88,23802.24,14:20:27
12526.36,23759.12,14:20:28
12569.48,23586.64,14:20:28
12634.16,23435.72,14:20:29
12785.08,23371.04,14:20:30
12849.76,23220.12,14:20:30
13065.36,23220.12,14:20:30
13130.04,23069.2,14:20:31
13280.96,23004.52,14:20:31
13345.64,22853.6,14:20:32
13518.12,22810.48,14:20:32
13625.92,22702.68,14:20:32
13733.72,22594.88,14:20:33
13863.08,22508.64,14:20:33
13992.44,22422.4,14:20:34
14121.8,22336.16,14:20:34
14272.72,22271.48,14:20:34
14402.08,22185.24,14:20:35
14509.88,22077.44,14:20:35
14617.68,21969.64,14:20:35
14747.04,21883.4,14:20:35
14876.4,21797.16,14:20:36
15027.32,21732.48,14:20:36
15242.92,21732.48,14:20:37
15458.52,21732.48,14:20:38
15674.12,21732.48,14:20:38
15889.72,21732.48,14:20:39
15997.52,21840.28,14:20:39
16105.32,21948.08,14:20:39
16213.12,22055.88,14:20:39
16407.16,22077.44,14:20:40
16514.96,22185.24,14:20:40
16687.44,22228.36,14:20:40
16795.24,22336.16,14:20:41
16924.6,22422.4,14:20:41
17097.08,22465.52,14:20:41
17204.88,22573.32,14:20:42
17312.68,22681.12,14:20:42
17420.48,22788.92,14:20:42
17528.28,22896.72,14:20:42
17636.08,23004.52,14:20:42
17743.88,23112.32,14:20:43
17851.68,23220.12,14:20:43
17959.48,23327.92,14:20:43
18067.28,23435.72,14:20:43
18175.08,23543.52,14:20:43
18196.64,23737.56,14:20:44
18196.64,23953.16,14:20:44
18196.64,24168.76,14:20:45
18196.64,24384.36,14:20:45
18024.16,24427.48,14:20:46
17916.36,24535.28,14:20:46
17808.56,24643.08,14:20:46
17700.76,24750.88,14:20:46
17592.96,24858.68,14:20:46
17463.6,24944.92,14:20:47
17269.56,24923.36,14:20:50
17183.32,24794,14:20:51
17075.52,24686.2,14:20:51
16881.48,24664.64,14:20:51
16816.8,24513.72,14:20:51
16622.76,24492.16,14:20:52
16579.64,24319.68,14:20:52
16364.04,24319.68,14:20:52
16407.16,24190.32,14:20:54
16601.2,24168.76,14:20:54
16730.56,24255,14:20:58
16838.36,24362.8,14:20:59
17010.84,24405.92,14:20:59
17161.76,24470.6,14:20:59
17183.32,24664.64,14:21:00
17398.92,24664.64,14:21:00
17398.92,24880.24,14:21:01
17398.92,25095.84,14:21:02
17291.12,25203.64,14:21:02
17183.32,25311.44,14:21:02
17075.52,25419.24,14:21:03
16967.72,25527.04,14:21:03
16859.92,25634.84,14:21:03
16752.12,25742.64,14:21:03
16644.32,25850.44,14:21:03
16536.52,25958.24,14:21:04
16428.72,26066.04,14:21:04
16320.92,26173.84,14:21:04
16213.12,26281.64,14:21:04
16105.32,26389.44,14:21:05
15954.4,26454.12,14:21:05
15803.48,26518.8,14:21:05
15695.68,26626.6,14:21:05
15501.64,26648.16,14:21:06
15393.84,26755.96,14:21:06
15178.24,26755.96,14:21:06
14962.64,26755.96,14:21:07
14747.04,26755.96,14:21:07
14531.44,26755.96,14:21:08
14315.84,26755.96,14:21:08
14208.04,26648.16,14:21:08
14100.24,26540.36,14:21:09
13906.2,26518.8,14:21:09
13776.84,26432.56,14:21:09
13604.36,26389.44,14:21:10
13496.56,26281.64,14:21:10
13345.64,26216.96,14:21:10
13130.04,26216.96,14:21:11
13022.24,26109.16,14:21:11
12828.2,26087.6,14:21:11
12720.4,25979.8,14:21:11
12612.6,25872,14:21:12
12440.12,25828.88,14:21:12
12332.32,25721.08,14:21:12
12202.96,25634.84,14:21:12
12030.48,25591.72,14:21:13
11922.68,25483.92,14:21:13
11814.88,25376.12,14:21:13
11642.4,25333,14:21:13
11534.6,25225.2,14:21:14
11426.8,25117.4,14:21:14
11319,25009.6,14:21:14
11211.2,24901.8,14:21:14
11103.4,24794,14:21:14
10974.04,24707.76,14:21:15
10909.36,24556.84,14:21:16
10801.56,24449.04,14:21:16
10693.76,24341.24,14:21:16
10585.96,24233.44,14:21:16
10478.16,24125.64,14:21:17
10370.36,24017.84,14:21:17
10262.56,23910.04,14:21:17
10197.88,23759.12,14:21:17
10090.08,23651.32,14:21:18
9982.28,23543.52,14:21:18
9874.48,23435.72,14:21:18
9766.68,23327.92,14:21:19
9658.88,23220.12,14:21:19
9551.08,23112.32,14:21:19
9507.96,22939.84,14:21:19
9400.16,22832.04,14:21:20
9313.92,22702.68,14:21:20
9206.12,22594.88,14:21:20
9098.32,22487.08,14:21:20
8990.52,22379.28,14:21:21
8904.28,22249.92,14:21:21
8839.6,22099,14:21:21
8731.8,21991.2,14:21:21
8731.8,21775.6,14:21:22
8731.8,21560,14:21:22
8731.8,21344.4,14:21:22
8731.8,21128.8,14:21:23
8731.8,20913.2,14:21:24
8731.8,20697.6,14:21:25
8839.6,20589.8,14:21:25
9033.64,20568.24,14:21:25
9141.44,20460.44,14:21:25
9249.24,20352.64,14:21:25
9421.72,20309.52,14:21:26
9572.64,20244.84,14:21:26
9766.68,20223.28,14:21:26
9874.48,20115.48,14:21:26
9982.28,20007.68,14:21:26
10176.32,19986.12,14:21:27
10176.32,19770.52,14:21:27
10262.56,19641.16,14:21:28
10370.36,19533.36,14:21:28
10370.36,19317.76,14:21:29
10370.36,19102.16,14:21:29
10305.68,18951.24,14:21:30
10111.64,18929.68,14:21:30
10003.84,18821.88,14:21:31
9896.04,18714.08,14:21:31
9788.24,18606.28,14:21:31
9658.88,18520.04,14:21:31
9507.96,18455.36,14:21:31
9400.16,18347.56,14:21:31
9270.8,18261.32,14:21:32
9119.88,18196.64,14:21:32
8990.52,18110.4,14:21:32
8818.04,18067.28,14:21:33
8753.36,17916.36,14:21:33
8537.76,17916.36,14:21:34
8322.16,17916.36,14:21:34
8106.56,17916.36,14:21:34
7955.64,17851.68,14:21:35
7826.28,17765.44,14:21:35
7610.68,17765.44,14:21:35
7502.88,17657.64,14:21:35
7330.4,17614.52,14:21:36
7244.16,17485.16,14:21:36
7050.12,17463.6,14:21:36
6834.52,17463.6,14:21:36
6726.72,17355.8,14:21:37
6618.92,17248,14:21:37
6489.56,17161.76,14:21:37
6338.64,17097.08,14:21:37
6230.84,16989.28,14:21:37
6123.04,16881.48,14:21:38
5993.68,16795.24,14:21:38
5821.2,16752.12,14:21:38
5713.4,16644.32,14:21:38
5605.6,16536.52,14:21:38
5497.8,16428.72,14:21:38
5390,16320.92,14:21:39
5282.2,16213.12,14:21:39
5174.4,16105.32,14:21:39
5066.6,15997.52,14:21:39
4958.8,15889.72,14:21:39
4851,15781.92,14:21:39
4743.2,15674.12,14:21:40
4635.4,15566.32,14:21:40
4527.6,15458.52,14:21:40
4419.8,15350.72,14:21:40
4312,15242.92,14:21:40
4204.2,15135.12,14:21:40
4096.4,15027.32,14:21:41
3988.6,14919.52,14:21:41
3880.8,14811.72,14:21:41
3773,14703.92,14:21:41
3665.2,14596.12,14:21:41
3557.4,14488.32,14:21:41
3449.6,14380.52,14:21:41
3341.8,14272.72,14:21:42
3234,14164.92,14:21:42
3126.2,14057.12,14:21:42
3018.4,13949.32,14:21:42
2910.6,13841.52,14:21:42
2802.8,13733.72,14:21:42
2695,13625.92,14:21:43
2587.2,13518.12,14:21:43
2479.4,13410.32,14:21:43
2371.6,13302.52,14:21:43
2263.8,13194.72,14:21:43
2156,13086.92,14:21:43
2048.2,12979.12,14:21:44
1940.4,12871.32,14:21:44
1875.72,12720.4,14:21:44
1811.04,12569.48,14:21:44
1746.36,12418.56,14:21:44
1660.12,12289.2,14:21:44
1617,12116.72,14:21:45
1552.32,11965.8,14:21:45
1487.64,11814.88,14:21:45
1444.52,11642.4,14:21:45
1444.52,11426.8,14:21:46
1444.52,11211.2,14:21:46
1444.52,10995.6,14:21:47
1444.52,10780,14:21:48
1444.52,10564.4,14:21:48
1444.52,10348.8,14:21:49
1466.08,10154.76,14:21:49
1638.56,10111.64,14:21:49
1746.36,10003.84,14:21:50
1854.16,9896.04,14:21:50
1961.96,9788.24,14:21:50
2177.56,9788.24,14:21:50
2328.48,9723.56,14:21:50
2500.96,9680.44,14:21:51
2695,9658.88,14:21:52
2802.8,9594.2,14:21:54
2759.68,9766.68,14:21:54
2716.56,9939.16,14:21:54
2910.6,9960.72,14:21:55
3039.96,10046.96,14:21:55
3169.32,10133.2,14:21:55
3320.24,10197.88,14:21:58
3384.92,10046.96,14:21:59
3341.8,9874.48,14:22:00
3147.76,9852.92,14:22:00
3039.96,9745.12,14:22:00
2932.16,9637.32,14:22:00
2824.36,9529.52,14:22:01
2716.56,9421.72,14:22:01
2608.76,9313.92,14:22:01
2500.96,9206.12,14:22:01
2393.16,9098.32,14:22:01
2285.36,8990.52,14:22:01
2263.8,8796.48,14:22:02
2134.44,8710.24,14:22:02
2069.76,8559.32,14:22:03
1983.52,8429.96,14:22:03
1832.6,8365.28,14:22:04
1703.24,8279.04,14:22:04
1617,8149.68,14:22:04
1509.2,8041.88,14:22:05
1466.08,7869.4,14:22:05
1379.84,7740.04,14:22:05
1315.16,7589.12,14:22:05
1207.36,7481.32,14:22:06
1078,7395.08,14:22:07
883.96,7373.52,14:22:07
689.92,7395.08,14:22:09
603.68,7524.44,14:22:09
625.24,7718.48,14:22:09
754.6,7804.72,14:22:10
862.4,7912.52,14:22:10
1013.32,7977.2,14:22:10
1121.12,8085,14:22:11
1185.8,8235.92,14:22:11
1185.8,8451.52,14:22:12
1164.24,8645.56,14:22:14
1056.44,8753.36,14:22:15
948.64,8861.16,14:22:15
840.84,8968.96,14:22:15
733.04,9076.76,14:22:15
625.24,9184.56,14:22:15
517.44,9292.36,14:22:15
409.64,9400.16,14:22:16
301.84,9507.96,14:22:16
194.04,9615.76,14:22:16
86.24,9723.56,14:22:16
-21.56,9831.36,14:22:16
-129.36,9939.16,14:22:16
-237.16,10046.96,14:22:17
-344.96,10154.76,14:22:17
-452.76,10262.56,14:22:17
-560.56,10370.36,14:22:17
-668.36,10478.16,14:22:17
-776.16,10585.96,14:22:17
-883.96,10693.76,14:22:18
-991.76,10801.56,14:22:18
-1099.56,10909.36,14:22:18
-1207.36,11017.16,14:22:18
-1315.16,11124.96,14:22:18
-1422.96,11232.76,14:22:19
-1530.76,11340.56,14:22:19
-1638.56,11448.36,14:22:19
-1746.36,11556.16,14:22:19
-1854.16,11663.96,14:22:19
-1961.96,11771.76,14:22:20
-2069.76,11879.56,14:22:20
-2177.56,11987.36,14:22:20
-2285.36,12095.16,14:22:20
-2393.16,12202.96,14:22:20
-2500.96,12310.76,14:22:20
-2608.76,12418.56,14:22:21
-2716.56,12526.36,14:22:21
-2824.36,12634.16,14:22:21
-2932.16,12741.96,14:22:21
-3039.96,12849.76,14:22:22
-3147.76,12957.56,14:22:22
-3255.56,13065.36,14:22:22
-3363.36,13173.16,14:22:22
-3471.16,13280.96,14:22:22
-3578.96,13388.76,14:22:23
-3686.76,13496.56,14:22:23
-3794.56,13604.36,14:22:23
-3902.36,13712.16,14:22:23
-4010.16,13819.96,14:22:23
-4117.96,13927.76,14:22:23
-4225.76,14035.56,14:22:24
-4333.56,14143.36,14:22:24
-4441.36,14251.16,14:22:24
-4549.16,14358.96,14:22:24
-4656.96,14466.76,14:22:24
-4764.76,14574.56,14:22:24
-4915.68,14639.24,14:22:25
-5066.6,14703.92,14:22:25
-5174.4,14811.72,14:22:25
-5282.2,14919.52,14:22:25
-5454.68,14962.64,14:22:26
-5562.48,15070.44,14:22:26
-5670.28,15178.24,14:22:26
-5778.08,15286.04,14:22:26
-5885.88,15393.84,14:22:26
-6015.24,15480.08,14:22:26
-6123.04,15587.88,14:22:27
-6230.84,15695.68,14:22:27
-6381.76,15760.36,14:22:27
-6532.68,15825.04,14:22:27
-6640.48,15932.84,14:22:27
-6748.28,16040.64,14:22:28
-6920.76,16083.76,14:22:28
-7071.68,16148.44,14:22:28
-7244.16,16191.56,14:22:29
-7459.76,16191.56,14:22:30
-7675.36,16191.56,14:22:30
-7890.96,16191.56,14:22:30
-8106.56,16191.56,14:22:31
-8235.92,16105.32,14:22:32
-8429.96,16083.76,14:22:32
-8537.76,15975.96,14:22:32
-8645.56,15868.16,14:22:32
-8818.04,15825.04,14:22:33
-8925.84,15717.24,14:22:33
-9033.64,15609.44,14:22:33
-9163,15523.2,14:22:33
-9292.36,15436.96,14:22:34
-9421.72,15350.72,14:22:34
-9529.52,15242.92,14:22:34
-9637.32,15135.12,14:22:35
-9745.12,15027.32,14:22:35
-9852.92,14919.52,14:22:36
-9960.72,14811.72,14:22:36
-10068.52,14703.92,14:22:36
-10176.32,14596.12,14:22:37
-10284.12,14488.32,14:22:37
-10391.92,14380.52,14:22:37
-10499.72,14272.72,14:22:37
-10607.52,14164.92,14:22:38
-10715.32,14057.12,14:22:38
-10823.12,13949.32,14:22:38
-10930.92,13841.52,14:22:39
-11017.16,13712.16,14:22:41
